뎞,듥,꺊넵놟,,꽌뀰껮V,2020/11/12 9:00
2020/2/12,낸,26,,,
2020/2/13,뒞,47,,,
2020/2/14,,86,,,
2020/2/15,늧,25,,,
2020/2/16,,20,,,
2020/2/17,깵,166,,,
2020/2/18,괉,150,,,
2020/2/19,낸,147,,,
2020/2/20,뒞,148,,,
2020/2/21,,130,,,
2020/2/22,늧,58,,,
2020/2/23,,56,,,
2020/2/24,깵,61,,,
2020/2/25,괉,300,,,
2020/2/26,낸,271,,,
2020/2/27,뒞,243,,,
2020/2/28,,221,,,
2020/2/29,늧,104,,,
2020/3/1,,81,,,
2020/3/2,깵,268,,,
2020/3/3,괉,261,,,
2020/3/4,낸,257,,,
2020/3/5,뒞,225,,,
2020/3/6,,251,,,
2020/3/7,늧,123,,,
2020/3/8,,231,,,
2020/3/9,깵,654,,,
2020/3/10,괉,436,,,
2020/3/11,낸,342,,,
2020/3/12,뒞,313,,,
2020/3/13,,406,,,
2020/3/14,늧,158,,,
2020/3/15,,215,,,
2020/3/16,깵,618,,,
2020/3/17,괉,509,,,
2020/3/18,낸,354,,,
2020/3/19,뒞,377,,,
2020/3/20,,118,,,
2020/3/21,늧,100,,,
2020/3/22,,73,,,
2020/3/23,깵,398,,,
2020/3/24,괉,301,,,
2020/3/25,낸,399,,,
2020/3/26,뒞,386,,,
2020/3/27,,486,,,
2020/3/28,늧,201,,,
2020/3/29,,158,,,
2020/3/30,깵,796,,,
2020/3/31,괉,653,,,
2020/4/1,낸,927,,,
2020/4/2,뒞,798,,,
2020/4/3,,755,,,
2020/4/4,늧,381,,,
2020/4/5,,247,,,
2020/4/6,깵,1104,,,
2020/4/7,괉,806,,,
2020/4/8,낸,832,,,
2020/4/9,뒞,773,,,
2020/4/10,,851,,,
2020/4/11,늧,412,,,
2020/4/12,,470,,,
2020/4/13,깵,1245,,,
2020/4/14,괉,1028,,,
2020/4/15,낸,953,,,
2020/4/16,뒞,951,,,
2020/4/17,,910,,,
2020/4/18,늧,484,,,
2020/4/19,,464,,,
2020/4/20,깵,1035,,,
2020/4/21,괉,779,,,
2020/4/22,낸,760,,,
2020/4/23,뒞,665,,,
2020/4/24,,805,,,
2020/4/25,늧,353,,,
2020/4/26,,314,,,
2020/4/27,깵,695,,,
2020/4/28,괉,595,,,
2020/4/29,낸,345,,,
2020/4/30,뒞,604,,,
2020/5/1,,502,,,
2020/5/2,늧,320,,,
2020/5/3,,275,,,
2020/5/4,깵,335,,,
2020/5/5,괉,286,,,
2020/5/6,낸,326,,,
2020/5/7,뒞,508,,,
2020/5/8,,334,,,
2020/5/9,늧,260,,,
2020/5/10,,208,,,
2020/5/11,깵,421,,,
2020/5/12,괉,278,,,
2020/5/13,낸,317,,,
2020/5/14,뒞,317,,,
2020/5/15,,260,,,
2020/5/16,늧,164,,,
2020/5/17,,98,,,
2020/5/18,깵,328,,,
2020/5/19,괉,190,,,
2020/5/20,낸,179,,,
2020/5/21,뒞,138,,,
2020/5/22,,156,,,
2020/5/23,늧,131,,,
2020/5/24,,110,,,
2020/5/25,깵,241,,,
2020/5/26,괉,171,,,
2020/5/27,낸,166,,,
2020/5/28,뒞,146,,,
2020/5/29,,166,,,
2020/5/30,늧,146,,,
2020/5/31,,105,,,
2020/6/1,깵,204,,,
2020/6/2,괉,203,,,
2020/6/3,낸,205,,,
2020/6/4,뒞,229,,,
2020/6/5,,225,,,
2020/6/6,늧,168,,,
2020/6/7,,141,,,
2020/6/8,깵,291,,,
2020/6/9,괉,198,,,
2020/6/10,낸,205,,,
2020/6/11,뒞,182,,,
2020/6/12,,161,,,
2020/6/13,늧,103,,,
2020/6/14,,104,,,
2020/6/15,깵,205,,,
2020/6/16,괉,185,,,
2020/6/17,낸,138,,,
2020/6/18,뒞,158,,,
2020/6/19,,106,,,
2020/6/20,늧,89,,,
2020/6/21,,78,,,
2020/6/22,깵,148,,,
2020/6/23,괉,107,,,
2020/6/24,낸,149,,,
2020/6/25,뒞,243,,,
2020/6/26,,199,,,
2020/6/27,늧,145,,,
2020/6/28,,107,,,
2020/6/29,깵,224,,,
2020/6/30,괉,179,,,
2020/7/1,낸,233,,,
2020/7/2,뒞,214,,,
2020/7/3,,180,,,
2020/7/4,늧,155,,,
2020/7/5,,133,,,
2020/7/6,깵,315,,,
2020/7/7,괉,278,,,
2020/7/8,낸,227,,,
2020/7/9,뒞,210,,,
2020/7/10,,253,,,
2020/7/11,늧,184,,,
2020/7/12,,110,,,
2020/7/13,깵,315,,,
2020/7/14,괉,344,,,
2020/7/15,낸,262,,,
2020/7/16,뒞,447,,,
2020/7/17,,421,,,
2020/7/18,늧,273,,,
2020/7/19,,203,,,
2020/7/20,깵,435,,,
2020/7/21,괉,290,,,
2020/7/22,낸,422,,,
2020/7/23,뒞,281,,,
2020/7/24,,245,,,
2020/7/25,늧,263,,,
2020/7/26,,244,,,
2020/7/27,깵,525,,,
2020/7/28,괉,348,,,
2020/7/29,낸,377,,,
2020/7/30,뒞,398,,,
2020/7/31,,456,,,
2020/8/1,늧,275,,,
2020/8/2,,194,,,
2020/8/3,깵,461,,,
2020/8/4,괉,376,,,
2020/8/5,낸,463,,,
2020/8/6,뒞,385,,,
2020/8/7,,432,,,
2020/8/8,늧,355,,,
2020/8/9,,229,,,
2020/8/10,깵,269,,,
2020/8/11,괉,497,,,
2020/8/12,낸,304,,,
2020/8/13,뒞,283,,,
2020/8/14,,393,,,
2020/8/15,늧,340,,,
2020/8/16,,322,,,
2020/8/17,깵,740,,,
2020/8/18,괉,445,,,
2020/8/19,낸,388,,,
2020/8/20,뒞,393,,,
2020/8/21,,393,,,
2020/8/22,늧,216,,,
2020/8/23,,180,,,
2020/8/24,깵,419,,,
2020/8/25,괉,387,,,
2020/8/26,낸,413,,,
2020/8/27,뒞,373,,,
2020/8/28,,378,,,
2020/8/29,늧,204,,,
2020/8/30,,150,,,
2020/8/31,깵,383,,,
2020/9/1,괉,290,,,
2020/9/2,낸,303,,,
2020/9/3,뒞,276,,,
2020/9/4,,294,,,
2020/9/5,늧,181,,,
2020/9/6,,178,,,
2020/9/7,깵,378,,,
2020/9/8,괉,268,,,
2020/9/9,낸,282,,,
2020/9/10,뒞,304,,,
2020/9/11,,221,,,
2020/9/12,늧,184,,,
2020/9/13,,173,,,
2020/9/14,깵,446,,,
2020/9/15,괉,325,,,
2020/9/16,낸,333,,,
2020/9/17,뒞,334,,,
2020/9/18,,328,,,
2020/9/19,늧,211,,,
2020/9/20,,210,,,
2020/9/21,깵,265,,,
2020/9/22,괉,218,,,
2020/9/23,낸,466,,,
2020/9/24,뒞,258,,,
2020/9/25,,253,,,
2020/9/26,늧,146,,,
2020/9/27,,147,,,
2020/9/28,깵,307,,,
2020/9/29,괉,181,,,
2020/9/30,낸,173,,,
2020/10/1,뒞,195,,,
2020/10/2,,218,,,
2020/10/3,늧,147,,,
2020/10/4,,109,,,
2020/10/5,깵,278,,,
2020/10/6,괉,203,,,
2020/10/7,낸,193,,,
2020/10/8,뒞,196,,,
2020/10/9,,189,,,
2020/10/10,늧,89,,,
2020/10/11,,139,,,
2020/10/12,깵,275,,,
2020/10/13,괉,192,,,
2020/10/14,낸,187,,,
2020/10/15,뒞,141,,,
2020/10/16,,147,,,
2020/10/17,늧,111,,,
2020/10/18,,100,,,
2020/10/19,깵,220,,,
2020/10/20,괉,167,,,
2020/10/21,낸,196,,,
2020/10/22,뒞,172,,,
2020/10/23,,235,,,
2020/10/24,늧,134,,,
2020/10/25,,108,,,
2020/10/26,깵,231,,,
2020/10/27,괉,164,,,
2020/10/28,낸,214,,,
2020/10/29,뒞,172,,,
2020/10/30,,127,,,
2020/10/31,늧,121,,,
2020/11/1,,97,,,
2020/11/2,깵,211,,,
2020/11/3,괉,134,,,
2020/11/4,낸,202,,,
2020/11/5,뒞,177,,,
2020/11/6,,162,,,
2020/11/7,늧,113,,,
2020/11/8,,76,,,
2020/11/9,깵,197,,,
2020/11/10,괉,156,,,
